{
  "name": "ace-builds",
  "version": "1.2.5",
  "description": "Ace (Ajax.org Cloud9 Editor)",
  "scripts": {
    "test": "echo \"Error: no test specified\" && exit 1"
  },
  "ignore": [
    "demo"
  ],
  "repository": {
    "type": "git",
    "url": "https://github.com/ajaxorg/ace-builds.git"
  },
  "author": "",
  "license": "BSD",
  "bugs": {
    "url": "https://github.com/ajaxorg/ace-builds/issues"
  },
  "homepage": "https://github.com/ajaxorg/ace-builds",
  "_release": "1.2.5",
  "_resolution": {
    "type": "version",
    "tag": "v1.2.5",
    "commit": "21f7fa46ece12f8c425a5563784b3bf3fe84117d"
  },
  "_source": "https://github.com/ajaxorg/ace-builds.git",
  "_target": "^1.2.4",
  "_originalSource": "ace-build"
}